Film_title,Release_year,Director,Cast,Average_rating,Owner_rating,Genres,Runtime,Countries,Original_language,Spoken_languages,Studios,Watches,List_appearances,Likes,Fans,½,★,★½,★★,★★½,★★★,★★★½,★★★★,★★★★½,★★★★★,Total_ratings,Film_URL
Geographies of Solitude,2022,Jacquelyn Mills,['Zoe Lucas'],3.93,nan,['Documentary'],103,"['Canada', 'USA']",English,['English'],"['Conseil des Arts et des Lettres du Québec', 'Sundance Institute', 'Open Society Foundations', 'Canada Council for the Arts']",3334,1476,1324,73,1,4,8,30,57,268,389,728,356,412,2253,https://letterboxd.com/film/geographies-of-solitude/
De Humani Corporis Fabrica,2022,"Lucien Castaing-Taylor, Véréna Paravel",nan,3.82,nan,['Documentary'],118,"['France', 'Switzerland']",French,['French'],"['Norte Productions', 'CG Cinéma', 'Rita Productions', 'S.E.L']",5804,3455,1848,42,15,26,27,93,161,503,775,1267,559,464,3890,https://letterboxd.com/film/de-humani-corporis-fabrica/
Passages,2023,Ira Sachs,"['Franz Rogowski', 'Ben Whishaw', 'Adèle Exarchopoulos', 'Erwan Kepoa Falé', 'Théo Cholbi', 'Arcadi Radeff', 'Léa Boublil', 'Thibault Carterot', 'Tony Daoud', 'Theo Gabilloux', 'Anton Salachas', 'Sarah Lisbonis', 'William Nadylam', 'Caroline Chaniolleau', 'Olivier Rabourdin', 'Jérôme Dauchez', 'François Boisrond', 'Kylian Moison', 'Chloé Granier', 'Juliette Mourlon', 'Malika Bejaoui']",3.52,nan,"['Drama', 'Romance']",92,"['France', 'Germany']",French,"['French', 'English']","['SBS Productions', 'KNM']",93106,29308,22154,208,277,694,761,3351,4974,15639,19557,21258,5130,2950,74591,https://letterboxd.com/film/passages-2023/
Showing Up,2022,Kelly Reichardt,"['Michelle Williams', 'Hong Chau', 'Maryann Plunkett', 'John Magaro', 'André 3000', 'Amanda Plummer', 'Matt Malloy', 'Heather Lawless', 'James Le Gros', 'Denzel Rodriguez', 'Eudora Peterson', 'Judd Hirsch', 'Todd-o-Phonic Todd', 'Lauren Lakis', 'Jean-Luc Boucherot', 'Ted Rooney', 'Ben Coonley', 'Chase Hawkins', 'Izabel Mar', 'William Rihel III', 'Bahni Turpin', 'Dustin Clark', 'Holly Osborne', 'Ethan Benarroch', 'Hanna Caldwell', 'Kevin-Michael Moore', 'Theo Taplitz', 'Mia Bonilla', 'Sam Kamerman', 'Libby Werbel', 'Nova Kopp', 'Margaret Rodini', 'Orianna Milne', 'Mike D Harris', 'Cody Burns', 'Kristina Haddad', 'Victoria E. Henry', 'Kennedy Morris', 'Dvonte Robinson', 'Teal Sherer', 'Rowan Vik']",3.54,nan,"['Comedy', 'Drama']",108,['USA'],English,['English'],"['A24', 'filmscience']",47249,25193,13965,170,163,457,446,1727,2328,6621,8412,10463,3549,1837,36003,https://letterboxd.com/film/showing-up-2022/
Beyond Utopia,2023,Madeleine Gavin,"['Barbara Demick', 'Kim Sung-eun', 'Lee Hyeon-seo', 'Lee So-yeon', 'Kim Jong-un', 'Kim Jong-il', 'Kim Il-sung', 'Kim Jong-nam', 'Jang Song-thaek', 'Ri Sol-ju', 'Douglas MacArthur']",3.98,nan,"['Documentary', 'History']",116,['USA'],English,"['English', 'Korean']","['Ideal Partners', 'XRM Media', 'RandomGood Foundation', 'Human Rights Foundation', '19340 Productions', 'The deNovo Initiative']",6283,4854,1753,11,49,34,21,70,109,350,682,1680,1009,829,4833,https://letterboxd.com/film/beyond-utopia/
Samsara,2023,Lois Patiño,"['Amid Keomany', 'Toumor Xiong', 'Simone Milavanh', 'Mariam Vuaa Mtego', 'Juwairiya Idrisa Uwesu']",3.81,nan,"['Drama', 'Fantasy']",117,['Spain'],Lao,"['Lao', 'Swahili']","['Señor y Señora', 'Filmin']",3382,1747,1256,42,10,13,16,66,102,304,411,730,353,391,2396,https://letterboxd.com/film/samsara-2023/
"Are You There God? It's Me, Margaret.",2023,Kelly Fremon Craig,"['Abby Ryder Fortson', 'Rachel McAdams', 'Kathy Bates', 'Elle Graham', 'Benny Safdie', 'Amari Alexis Price', 'Katherine Mallen Kupferer', 'Kate MacCluggage', 'Aidan Wojtak-Hissong', 'Landon S. Baxter', 'Echo Kellum', 'Mia Dillon', 'Gary Houston', 'Mackenzie Joy Potter', 'Olivia Williams', 'Mike Platarote Jr.', 'Simms May', 'Zack Brooks', 'JeCobi Swain', 'Wilbur Fitzgerald', 'Ethan McDowell', 'Sloane Warren', 'Isol Young', 'Eden Lee', 'Naida Nelson', 'Tahirah Harrison', 'Zach Humphrey', 'Karen Aruj', 'Judy Blume', 'George Cooper', 'Joan Jackson', 'Stephen Jackson', 'Robert Haulbrook', 'Johnny Land', 'Jennifer Errington', 'Evan Bergman', 'Michael Wolk', 'Karen Macarah', 'Ariel DiDonato', 'Claude Deuce', 'Keya Hamilton', 'Tanya J. McClellan', 'Dennis Delamar', 'Samantha LeBrocq', 'Wally White', 'Holli Saperstein', 'Deborah Helms', 'Cooper Herrett', 'Gezell Fleming', 'Jim France', 'Rakeem Massingill', 'Ian Ottis Goff']",3.81,nan,"['Drama', 'Comedy']",107,['USA'],English,"['English', 'Hebrew (modern)']","['Gracie Films', 'Lionsgate']",182546,61820,64955,509,176,366,398,1978,3510,17457,33347,61207,18702,16104,153245,https://letterboxd.com/film/are-you-there-god-its-me-margaret/
The Eight Mountains,2022,"Felix van Groeningen, Charlotte Vandermeersch","['Luca Marinelli', 'Alessandro Borghi', 'Lupo Barbiero', 'Cristiano Sassella', 'Elisabetta Mazzullo', 'Andrea Palma', 'Surakshya Panta', 'Elena Lietti', 'Filippo Timi', 'Elisa Zanotto', 'Chiara Jorrioz', 'Gualtiero Burzi', 'Francesco Palombelli', 'Paolo Cognetti', 'Benedetto Patruno', 'Iris Barbiero', 'Alex Sassella', 'Fiammetta Olivieri', 'Adriano Favre', 'Leandro Gago', 'Daniela De Pellegrin', 'Aurora Pernici', 'Ermes Piffer', 'Cheche Gurung', 'Wangdi Gurung', 'Eric Olsen', 'Dagny Mjos', 'Marco Spataro', 'Stefano Percino', 'Emrik Favre']",4.0,nan,['Drama'],147,"['Belgium', 'France', 'Italy', 'UK']",Italian,"['Italian', 'Nepali', 'English']","['Pyramide Productions', 'Vision Distribution', 'Menuet', 'Wildside', 'Elastic Film', 'Rufus']",41869,11753,14163,664,21,95,104,452,804,3137,5568,11845,5915,5567,33508,https://letterboxd.com/film/the-eight-mountains/
No Bears,2022,Jafar Panahi,"['Jafar Panahi', 'Naser Hashemi', 'Vahid Mobaser', 'Bakhtiyar Panjeei', 'Mina Kavani', 'Narges Delaram', 'Abdolreza Heydari', 'Amir Davar', 'Darya Alei', 'Sinan Yusufoglu', 'Rahim Abbasi', 'Ehsan Ahmad Khanpour', 'Iman Bazyar']",3.84,nan,"['Romance', 'Drama']",107,['Iran'],Persian (Farsi),"['Persian (Farsi)', 'Azerbaijani', 'Portuguese', 'Turkish']",['JP Production'],17089,8266,5041,27,12,50,61,230,376,1615,2894,4629,1715,1091,12673,https://letterboxd.com/film/no-bears/
Saint Omer,2022,Alice Diop,"['Kayije Kagame', 'Guslagie Malanda', 'Aurélia Petit', 'Valérie Dréville', 'Xavier Maly', 'Robert Cantarella', 'Salimata Kamate', 'Thomas De Pourquery', 'Adama Diallo Tamba', 'Mariam Diop', 'Dado Diop', 'Charlotte Clamens', 'Seyna Kane', 'Coumba-Mar Thiam', 'Binta Thiam', 'Alain Payen', 'Louise Lemoine Torrès', 'Roald Iamonte', 'Christelle Lefait', 'Yann Lehoux']",3.76,nan,"['Crime', 'Drama']",123,['France'],French,"['French', 'Portuguese']","['Srab Films', 'Pictanovo Région Hauts de France', 'ARTE France Cinéma', 'Canal+', 'Ciné+', 'CNC', 'La Région Île-de-France', 'Région Hauts-de-France', 'Indéfilms 10', 'ARTE', 'Fonds Images de la Diversité', 'Agence Nationale pr Cohésion des Territoires', 'ARTE/Cofinova 18', 'Ciclic - Région Centre', 'Super']",29454,14578,7625,123,76,212,226,827,1242,3338,4830,6958,2595,1913,22217,https://letterboxd.com/film/saint-omer/
Blackwater,2023,Mikael Marcimain,"['Asta Kamma August', 'Pernilla August', 'Rolf Lassgård', 'Sven Boräng', 'Alba August', 'Alva Adermark', 'Liam Gabrielsson Lövbrand', 'Erik Ehn', 'Liv Mjönes', 'Magnus Krepper', 'Alma Pöysti', 'Lucas Grimstedt', 'Jesper Sjölander', 'Ulf Rönnerstrand', 'Christian Fandango Sundgren', 'Rolf Degerlund', 'Kaj Snijder', 'William Beijer', 'Albert Berglund', 'Linda Wincent', 'Cecilia Nilsson', 'Ingmar Virta', 'Nathalie Williamsdotter', 'Kalle Lagerström', 'Emelie Jonsson', 'Harleen Kalkat', 'Malin Vispe']",3.47,nan,"['Drama', 'Crime']",nan,['Sweden'],Swedish,['Swedish'],['Apple Tree Productions'],508,61,64,0,0,6,6,17,23,85,96,108,9,20,370,https://letterboxd.com/film/blackwater-2023/
The Teachers’ Lounge,2023,İlker Çatak,"['Leonie Benesch', 'Leonard Stettnisch', 'Eva Löbau', 'Michael Klammer', 'Rafael Stachowiak', 'Sarah Bauerett', 'Kathrin Wehlisch', 'Anne-Kathrin Gummich', 'Katharina M. Schubert', 'Uygar Tamer', 'Özgür Karadeniz', 'Tim Porath', 'Kersten Reimann', 'Katinka Auberger', 'Canan Samadi', 'Benjamin Bishop', 'Henriette Sievers', 'Johanna Götting', 'Jade Nadarajah', 'Goya Rego', 'Yaw Boah-Amponsem', 'Oskar Zickur', 'Antonia Luise Krämer', 'Elsa Krieger', 'Vincent Stachowiak', 'Can Rodenbostel', 'Padmé Hamdemir', 'Lisa Marie Trense', 'Lotta Wriedt', 'Nelson Pres', 'Josefine Jahn', 'Lewe Wagner', 'Mikail Osanmaz', 'Ruben Kupisch', 'Emma Phu', 'Klara Lindner-Figura', 'Enno Hoppe', 'Ruby L. Kauka', 'Solomon Röthig', 'Zayana Mielke', 'Phileas Spallek', 'Ela Eroğlu']",3.78,nan,['Drama'],98,['Germany'],German,"['German', 'English', 'Polish', 'Turkish']","['if... Productions', 'ZDF', 'ARTE', 'Deutscher Filmförderfonds', 'MOIN Filmförderung Hamburg Schleswig-Holstein', 'Die Beauftragte der Bundesregierung für Kultur und Medien', 'Tandem']",24955,16144,6854,55,66,57,106,348,685,2575,5478,8250,2262,1033,20860,https://letterboxd.com/film/the-teachers-lounge-2023/
The Taste of Things,2023,Tran Anh Hung,"['Juliette Binoche', 'Benoît Magimel', ""Patrick d'Assumçao"", 'Emmanuel Salinger', 'Jan Hammenecker', 'Frédéric Fisbach', 'Galatéa Bellugi', 'Pierre Gagnaire', 'Bonnie Chagneau-Ravoire', 'Yannik Landrein', 'Sarah Adler', 'Jean-Marc Roulot']",3.84,nan,"['Romance', 'Drama']",135,"['Belgium', 'France']",French,['French'],"['Curiosa Films', 'France 2 Cinéma', 'uMedia', 'Gaumont', 'France Télévisions', 'Canal+', 'Ciné+', 'Région des Pays-de-la-Loire', 'CNC', 'uFund', 'PROCIREP', 'Umedia']",13778,13074,4432,75,50,125,126,323,534,1308,2111,3568,1766,1066,10977,https://letterboxd.com/film/the-taste-of-things/
Arno,2023,Benjamin Margan,['Manji Ijnam'],nan,nan,nan,7,['France'],No spoken language,['No spoken language'],nan,9,2,1,0,0,0,0,0,0,2,0,0,0,0,2,https://letterboxd.com/film/arno/
Close,2022,Lukas Dhont,"['Eden Dambrine', 'Gustav De Waele', 'Émilie Dequenne', 'Léa Drucker', 'Igor van Dessel', 'Kevin Janssens', 'Marc Weiss', 'Léon Bataille', 'Serine Ayari', 'Robin Keyaert', 'Herman van Slambrouck', 'Iven Deduytschaver', 'Jeffrey Vanhaeren', 'Hélène Theunissen', 'Baptiste Bataille', 'Pieter Piron', 'Freya De Corte', 'Cachou Kirsch', 'Ahlaam Teghadouini', 'Hervé Guerrisi']",4.09,nan,['Drama'],104,"['Belgium', 'France', 'Netherlands']",French,"['French', 'Dutch']","['Agat Films & Cie / Ex Nihilo', 'Diaphana Films', 'Topkapi Films', 'Versus Production', 'Menuet', 'Eurimages', 'Les Films Velvet', 'VTM', 'RTBF', 'Vlaams Audiovisueel Fonds', 'Nederlands Fonds voor de Film', 'Canal+', 'Ciné+', 'Sacem', ""Centre du Cinéma et de l'Audiovisuel de la FWB"", 'La Culture avec la Copie Privée', 'Casa Kafka Pictures', 'Screen Flanders', 'Lumière']",204532,58761,80700,4500,202,488,506,2414,3873,13825,22877,52909,31198,43615,171907,https://letterboxd.com/film/close-2022/
Riceboy Sleeps,2022,Anthony Shim,"['Choi Seung-yoon', 'Ethan Hwang', 'Dohyun Noel Hwang', 'Anthony Shim', 'Hunter Dillon', 'Jerina Son', 'Kang In-sung', 'Choi Jong-ryul', 'Lee Yong-nyeo', 'Vanessa Przada', 'Tristan Ranger', 'Aiden Finn', 'Kendra Anderson', 'Ryan Robbins', 'Eric Keenleyside', 'John Cassini', 'Sean Poague', 'Bryce Hodgson']",4.09,nan,['Drama'],117,['Canada'],English,"['English', 'Korean']","['Lonesome Heroes Productions', 'A Lasting Dose Productions', 'Kind Stranger Productions', 'Téléfilm Canada', 'Crave', 'The Harold Greenberg Fund']",12791,5290,5073,260,5,19,20,91,169,688,1478,3579,2259,2020,10328,https://letterboxd.com/film/riceboy-sleeps/
The Zone of Interest,2023,Jonathan Glazer,"['Christian Friedel', 'Sandra Hüller', 'Medusa Knopf', 'Daniel Holzberg', 'Ralph Herforth', 'Maximilian Beck', 'Sascha Maaz', 'Wolfgang Lampl', 'Johann Karthaus', 'Freya Kreutzkam', 'Lilli Falk', 'Nele Ahrensmeier', 'Stephanie Petrowitz', 'Marie Rosa Tietjen', 'Ralf Zillmann', 'Imogen Kogge', 'Zuzanna Kobiela', 'Julia Polaczek', 'Luis Noah Witte', 'Christopher Manavi', 'Kalman Wilson', 'Martyna Poznanski', 'Anastazja Drobniak', 'Cecylia Pekala', 'Andrey Isaev']",4.08,nan,"['Drama', 'War', 'History']",105,"['Poland', 'UK', 'USA']",Yiddish,"['Yiddish', 'Polish', 'German']","['A24', 'Film4 Productions', 'Access Entertainment', 'PISF', 'JW Films', 'Extreme Emotions']",134189,75793,38010,935,336,772,720,2575,3189,8951,12801,32654,25318,20160,107476,https://letterboxd.com/film/the-zone-of-interest/
Youth (Spring),2023,Wang Bing,nan,3.72,nan,['Documentary'],212,"['France', 'Luxembourg', 'Netherlands']",Chinese,['Chinese'],"['Yisha Production', 'Gladys Glover', 'House on Fire', 'Chinese Shadows', 'Les Films Fauves']",3112,2570,862,12,8,23,24,75,89,306,495,734,232,154,2140,https://letterboxd.com/film/youth-spring/
How to Save a Dead Friend,2022,Marusya Syroechkovskaya,"['Marusya Syroechkovskaya', 'Kirill Morev']",3.97,nan,['Documentary'],103,"['France', 'Germany', 'Norway', 'Sweden']",Russian,['Russian'],"['ARTE', 'Sisyfos Film', 'Folke Film', 'Les Films du Tambour de soie', 'RBB', 'Docs Vostok']",2624,1243,990,76,3,10,3,26,45,183,286,598,282,411,1847,https://letterboxd.com/film/how-to-save-a-dead-friend/
Smoking Causes Coughing,2022,Quentin Dupieux,"['Gilles Lellouche', 'Vincent Lacoste', 'Anaïs Demoustier', 'Jean-Pascal Zadi', 'Oulaya Amamra', 'Alain Chabat', 'David Marsais', 'Julia Faure', 'Adèle Exarchopoulos', 'Grégoire Ludig', 'Doria Tillier', 'Jérôme Niel', 'Blanche Gardin', 'Anthony Sonigo', 'Raphaël Quenard', 'Benoît Poelvoorde', 'Tanguy Mercier', 'Olivier Afonso', 'Ferdinand Canaud', 'Marie Bunel', 'Thémis Terrier-Thiébaux', 'Sava Lolov', 'Charlotte Laemmel', 'Franck Lascombes', 'Frédéric Bonpart', 'José Da Silva', 'Elodie Mareau', 'Lou Tribord', 'Zoé Tribord', 'Benoîte Chivot', 'Jules Dhios Francisco', 'Marie-Pierre Bellefleur']",3.47,nan,"['Comedy', 'Fantasy']",77,['France'],French,['French'],"['Chi-Fou-Mi Productions', 'Gaumont']",28481,8362,7104,37,119,343,346,1266,1968,5130,6196,5184,1039,818,22409,https://letterboxd.com/film/smoking-causes-coughing/
A Hundred Flowers,2022,Genki Kawamura,"['Masaki Suda', 'Mieko Harada', 'Masami Nagasawa', 'Masatoshi Nagase', 'Yukiya Kitamura', 'Amane Okayama', 'Yumi Kawai', 'Keishi Nagatsuka', 'Yuka Itaya', 'Misuzu Kanno', 'Fusako Urabe']",3.44,nan,['Drama'],104,['Japan'],Japanese,['Japanese'],"['AOI Pro.', 'TOHO', 'Story', 'GAGA Corporation', 'TV Asahi', 'Lawson Entertainment', 'East Japan Marketing & Communications', 'Asahi Broadcasting Corporation', 'Mainichi Shimbun', 'Nippan Group Holdings', 'Filmarks', 'Bungeishunju', 'EMI Records Japan']",1232,383,256,2,3,13,7,34,75,261,283,203,51,47,977,https://letterboxd.com/film/a-hundred-flowers/
Pacifiction,2022,Albert Serra,"['Benoît Magimel', 'Pahoa Mahagafanau', 'Marc Susini', 'Matahi Pambrun', 'Sergi López', 'Montse Triola', 'Michael Vautor', 'Cécile Guilbert', 'Lluís Serrat', 'Mike Landscape', 'Cyrus Arai', 'Mareva Wong', 'Baptiste Pinteaux', 'Laurent Brissonnaud', 'Florence Garneau', 'Práxedes de Vilallonga', 'Jean-Philippe Tahitua', 'Hinatea Boosie', 'Eva Bourgeois', 'Lorenzo Avve', 'Alexandre Melo']",3.61,nan,"['Thriller', 'Drama']",166,"['France', 'French Polynesia', 'Germany', 'Portugal', 'Spain']",French,"['French', 'Portuguese', 'Tahitian', 'English']","['Andergraun Films', 'Idéale Audience', 'Rosa Filmes', 'ARTE France Cinéma', 'Lupa Film', 'Tamtam Film', 'BR', 'Archipel Production']",18116,9136,5046,172,146,337,283,847,869,1895,2203,3426,1849,1375,13230,https://letterboxd.com/film/pacifiction/
The Creator,2023,Gareth Edwards,"['John David Washington', 'Madeleine Yuna Voyles', 'Gemma Chan', 'Allison Janney', 'Ken Watanabe', 'Sturgill Simpson', 'Amar Chadha-Patel', 'Marc Menchaca', 'Robbie Tann', 'Ralph Ineson', 'Michael Esper', 'Veronica Ngo', 'Ian Verdun', 'Daniel Ray Rodriguez', 'Rad Pereira', 'Syd Skidmore', 'Karen Aldridge', 'Teerawat Mulvilai', 'Leanna Chea', 'Sahatchai Chumrum', 'Apiwantana Duenkhao', 'Mariam Khummaung', 'Natthaphong Chaiyawong', 'Tawee Teesura', 'Kulsiri Thongrung', 'Charlie McElveen', 'Chananticha Chaipa', 'Sawanee Utoomma', 'Monthatip Suksopha', 'Brett Bartholomew', 'Jeb Kreager', 'Mackenzie Lansing', 'Stephen Howard Thomas', 'Agneta Catarina Békassy de Békas', 'Brett Parks', 'Phaithoon Wanglomklang', 'Ron Weaver', 'Mav Kang', 'John Garrett Mahlmeister', 'Scott Thomas', 'Kandanai Chotikapracal', 'Niko Rusakov', 'James David Henry', ""Eoin O'Brien"", 'Dana Blouin', 'Anjana Ghogar', 'Pongsanart Vinsiri', 'Molywon Phantarak', 'Chalee Sankhavesa', 'Pat Skelton', 'Elliot Berk', 'Art Ybarra']",3.3,nan,"['Action', 'Science Fiction', 'Adventure']",134,"['Canada', 'USA']",English,"['English', 'Japanese', 'Thai', 'Vietnamese']","['New Regency Pictures', 'Entertainment One', 'Regency Enterprises', 'Bad Dreams']",304160,76131,77673,520,944,2807,3898,15326,25877,63582,65874,58543,15377,13776,266004,https://letterboxd.com/film/the-creator-2023/
Love According to Dalva,2022,Emmanuelle Nicot,"['Zelda Samson', 'Alexis Manenti', 'Fanta Guirassy', 'Sandrine Blancke', 'Marie Denarnaud', ""Jean-Louis Coulloc'h"", 'Maïa Sandoz', 'Charlie Drach', 'Roman Coustère Hachez', 'Diego Murgia', 'Yasmina Maiza', 'Abdelmounim Snoussi', 'Babetida Sadjo', 'Gilles David', 'Romane Mouyal', 'Anne-Laure Penninck', 'Trancillia Bokungu', 'Zaire Souchi', 'Delphine Bibet', 'Eva Azevedo de Sousa', 'Joséphine Lucic', 'Alain Eloy', 'Laetitia Hogday', 'Jérôme Lanvin', 'Fayçal Benbahmed', 'Caroline Vonville']",3.76,nan,['Drama'],83,"['Belgium', 'France']",French,['French'],"['Hélicotronc', 'Tripode Productions', 'ARTE France Cinéma', 'RTBF', 'Proximus', 'Shelter Prod']",6359,2349,1602,21,8,17,15,78,141,698,1307,1914,537,378,5093,https://letterboxd.com/film/love-according-to-dalva/
Poor Things,2023,Yorgos Lanthimos,"['Emma Stone', 'Mark Ruffalo', 'Willem Dafoe', 'Ramy Youssef', 'Jerrod Carmichael', 'Christopher Abbott', 'Margaret Qualley', 'Suzy Bemba', 'Kathryn Hunter', 'Hanna Schygulla', 'Vicki Pepperdine', 'Jack Barton', 'Charlie Hiscock', 'Attila Dobai', 'Emma Hindle', 'Anders Grundberg', 'Attila Kecskeméthy', 'Jucimar Barbosa', 'Carminho', 'Angela Paula Stander', 'Gustavo Gomes', 'Kate Handford', 'Owen Good', 'Zen Joshua Poisson', 'Vivienne Soan', 'Jerskin Fendrix', 'István Göz', 'Bruna Asdorian', 'Tamás Szabó Sipos', 'Tom Stourton', 'Mascuud Dahir', 'Miles Jovian', 'Jeremy Wheeler', 'János Geréb', 'Patrick de Valette', 'Raphaël Thiéry', 'Boris Gillot', 'Dorina Kovács', 'Yorgos Stefanakos', 'Hubert Benhamdine', 'Gábor Patay', 'Laurent Winkler', 'Andrew Hefler', 'Damien Bonnard', 'Noah Breton', 'Donovan Fouassier', 'Roderick Hill', 'Wayne Brett', 'John Locke', 'Keeley Forsyth', 'David Bromley']",4.23,nan,"['Romance', 'Science Fiction', 'Comedy']",141,"['Ireland', 'UK', 'USA']",English,"['English', 'French', 'Portuguese']","['Searchlight Pictures', 'Film4 Productions', 'TSG Entertainment', 'Element Pictures']",647136,185710,275625,12000,2886,3894,2718,8846,10269,29328,48906,146520,142784,167403,563554,https://letterboxd.com/film/poor-things-2023/
Pearl,2022,Ti West,"['Mia Goth', 'David Corenswet', 'Tandi Wright', 'Matthew Sunderland', 'Emma Jenkins-Purro', 'Alistair Sewell', 'Amelia Reid', 'Gabe McDonnell', 'Lauren Stewart', 'Todd Rippon', 'Grace Acheson']",3.75,nan,"['Horror', 'Drama']",102,['USA'],English,"['English', 'German']","['A24', 'Little Lamb Productions']",858190,197409,326534,16000,1656,4072,3708,16523,23467,91853,125111,231930,80628,134581,713529,https://letterboxd.com/film/pearl-2022/
The Territory,2022,Alex Pritz,"['Neidinha Bandeira', 'Bitaté Uru-Eu-Wau-Wau', 'Ari Uru-Eu-Wau-Wau']",3.86,nan,['Documentary'],85,"['Brazil', 'Canada', 'Denmark', 'USA']",Portuguese,"['Portuguese', 'English']","['Documist', 'XTR', 'TIME Studios', 'Protozoa Pictures', 'Passion Pictures', 'Real Lava', 'National Geographic Documentary Films']",5283,3042,1596,16,2,4,7,55,85,470,884,1440,458,583,3988,https://letterboxd.com/film/the-territory-2022/
EO,2022,Jerzy Skolimowski,"['Sandra Drzymalska', 'Isabelle Huppert', 'Lorenzo Zurzolo', 'Mateusz Kościukiewicz', 'Tomasz Organek', 'Lolita Chammah', 'Agata Sasinowska', 'Anna Rokita', 'Michał Przybysławski', 'Gloria Iradukunda', 'Piotr Szaja', 'Aleksander Janiszewski', 'Delfina Wilkońska', 'Andrzej Szeremeta', 'Wojciech Andrzejuk', 'Mateusz Murański', 'Marcin Drabicki', 'Maciej Stępniak', 'Fernando Junior Gomes da Silva', 'Krzysztof Karczmarz', 'Waldemar Barwiński', 'Saverio Fabbri', 'Katarzyna Russ', 'Kateřina Holánová']",3.56,nan,['Drama'],88,"['Italy', 'Poland']",Polish,"['Polish', 'English', 'Italian', 'French', 'Spanish']","['Skopia Film', 'Alien Films', 'HAKA Films', 'Moderator Inwestycje', 'PISF', 'MiC', 'Regione Lazio']",82725,31840,21583,205,336,853,865,2953,4456,12334,15914,18659,5183,3818,65371,https://letterboxd.com/film/eo/
Burning Days,2022,Emin Alper,"['Selahattin Paşalı', 'Ekin Koç', 'Selin Yeninci', 'Erol Babaoğlu', 'Erdem Şenocak', 'Sinan Demirer', 'Nizam Namidar', 'Ali Seçkiner Alıcı', 'Eylül Ersöz', 'Onur Gürçay', 'Mehmet Kervancı', 'Hatice Aslan', 'İsmail Bahadır Peker', 'Enver Hüsrevoğlu', 'Emin Alper']",3.89,nan,"['Drama', 'Thriller']",131,"['Croatia', 'France', 'Germany', 'Greece', 'Netherlands', 'Turkey']",Turkish,['Turkish'],"['Liman Film', 'Circe Films', 'Horsefly Productions', '4Film', 'Gloria Films', 'Ay Yapım', 'Zola Yapım', 'The Match Factory']",40649,6451,11754,245,61,109,99,456,734,2703,4688,11169,5961,5409,31389,https://letterboxd.com/film/burning-days/
Bottoms,2023,Emma Seligman,"['Rachel Sennott', 'Ayo Edebiri', 'Ruby Cruz', 'Havana Rose Liu', 'Kaia Gerber', 'Nicholas Galitzine', 'Miles Fowler', 'Marshawn Lynch', 'Dagmara Domińczyk', 'Punkie Johnson', 'Zamani Wilder', 'Summer Joy Campbell', 'Virginia Tucker', 'Wayne Pére', 'Toby Nichols', 'Cameron Stout', 'Ted Ferguson', 'Bruno Rose', 'Zach Primo', 'Liz Elkins Newcomer', 'Krystal Alayne Chambers', 'Alyssa Matthews']",3.87,nan,['Comedy'],91,['USA'],English,['English'],"['Brownstone Productions', 'Orion Pictures']",765375,155955,323599,16000,2603,5309,4552,17348,22010,72993,98106,182637,81912,173632,661102,https://letterboxd.com/film/bottoms/
All the Beauty and the Bloodshed,2022,Laura Poitras,"['Nan Goldin', 'Marina Berio', 'David Wojnarowicz', 'Cookie Mueller', 'Noemi Bonazzi', 'Harry Cullen', 'Megan Kapler', 'Annatina Miescher', 'Mike Quinn', 'Patrick Radden Keefe', 'Darryl Pinckney', 'Maggie Smith', 'David Velasco', 'Alexis Pleus', 'Robert Suarez', 'David Armstrong', 'Barbara Goldin', 'Sharon Niesp', 'Arthur Sackler', 'John Waters', 'David Sackler', 'Theresa Sackler', 'Richard Sackler', 'Leonard Bernstein']",4.18,nan,['Documentary'],122,['USA'],English,['English'],['Participant'],59779,26937,21727,418,29,93,98,463,774,2974,5307,14729,10149,10282,44898,https://letterboxd.com/film/all-the-beauty-and-the-bloodshed/
Jackass Forever,2022,Jeff Tremaine,"['Johnny Knoxville', 'Steve-O', 'Chris Pontius', 'Dave England', 'Jason Acuña', 'Ehren McGhehey', 'Preston Lacy', 'Zach Holmes', 'Sean McInerney', 'Jasper Dolphin', 'Rachel Wolfson', 'Eric Manaka', 'Tory Belleci', 'Nick Merlino', 'Eric André', 'Tony Hawk', 'Francis Ngannou', 'Machine Gun Kelly', 'Tyler, the Creator', 'Spike Jonze', 'Jeff Tremaine', 'Ryan Dunn', 'Brandon DiCamillo', 'Rake Yohn', 'Chris Raab', 'Rob Dyrdek', 'Jess Margera', 'Jalen Ramsey', 'P.K. Subban', 'Travis Bennett', 'Alia Shawkat', 'Compston Wilson', 'Lance Bangs', 'Sydney Bennett', 'Otmara Marrero', ""Danielle O'Toole"", 'Aaron Homoki', 'Dimitry Elyashkevich', 'Courtney Pauroso', 'Lionel Boyce', 'Stephanie Angulo', 'Natalie Palamides', 'David Gravette', 'Sean Cliver', 'Trip Taylor', 'Rick Kosick', 'Shanna Zablow Newton', 'Errol Chatham', 'Parks Bonifay', 'DJ Paul', 'Bam Margera']",3.58,nan,"['Documentary', 'Comedy']",96,['USA'],English,['English'],"['Paramount', 'MTV Entertainment Studios', 'Dickhouse Productions', 'Gorilla Flicks']",234988,46568,67058,231,1092,1862,1447,6042,7671,29428,34348,55107,11962,18072,167031,https://letterboxd.com/film/jackass-forever/
Kadaisi Vivasayi,2021,M. Manikandan,"['Nallandi', 'Vijay Sethupathi', 'Yogi Babu', 'Muniswaran', 'Kaalaipandiyan', 'Raichal Rabecca Philip']",4.16,nan,['Drama'],145,['India'],Tamil,['Tamil'],['Tribal Art Productions'],6640,2224,3550,192,6,9,15,40,59,197,400,1402,1132,2142,5402,https://letterboxd.com/film/kadaisi-vivasayi/
Puss in Boots: The Last Wish,2022,Joel Crawford,"['Antonio Banderas', 'Salma Hayek Pinault', 'Harvey Guillén', 'Wagner Moura', 'Florence Pugh', 'Olivia Colman', 'Ray Winstone', 'Samson Kayo', 'John Mulaney', ""Da'Vine Joy Randolph"", 'Anthony Mendez', 'Kevin McCann', 'Bernardo de Paula', 'Betsy Sodaro', 'Artemis Pebdani', 'Conrad Vernon', 'Cody Cameron', 'Kailey Crawford', 'Al Rodrigo', 'Bob Persichetti', 'Miguel Matrai', 'Pilar Uribe', 'Heidi Gardner', 'Joel Crawford', 'Januel Mercado', 'James Ryan', 'Natalia Cronembold', 'Paul Fisher', 'Aydrea Walden']",4.15,nan,"['Animation', 'Family', 'Fantasy', 'Action', 'Comedy', 'Adventure']",103,['USA'],English,"['English', 'Spanish']","['DreamWorks Animation', 'Universal Pictures']",1104146,163862,460973,8000,700,1932,1316,8034,10657,58201,99407,281257,177240,251406,890150,https://letterboxd.com/film/puss-in-boots-the-last-wish/
Mass,2021,Fran Kranz,"['Martha Plimpton', 'Jason Isaacs', 'Ann Dowd', 'Reed Birney', 'Breeda Wool', 'Michelle N. Carter', 'Kagen Albright', 'Michael White', 'Campbell Spoor']",4.06,nan,['Drama'],111,['USA'],English,['English'],"['7 Eccles Street', 'Circa 1888', '5B Productions']",43095,20750,13344,94,40,72,155,438,653,2851,5885,13253,7820,4679,35846,https://letterboxd.com/film/mass-2021/
Babylon,2022,Damien Chazelle,"['Brad Pitt', 'Margot Robbie', 'Diego Calva', 'Jean Smart', 'Flea', 'Jovan Adepo', 'J.C. Currais', 'Jimmy Ortega', 'Hansford Prince', 'Telvin Griffin', 'Olivia Wilde', 'Circus-Szalewski', 'Lukas Haas', 'Li Jun Li', 'Kaia Gerber', 'Patrick Fugit', 'Eric Roberts', 'Cici Lau', 'Tyler Seiple', 'Zack Newick', 'Rory Scovel', 'Olivia Hamilton', 'P.J. Byrne', 'Alexandre Chen', 'Bob Clendenin', 'Miraj Grbić', 'Johnny Hoops', 'James Wellington', 'Carlos Nunez', 'Laura Steinel', 'Danny Jolles', 'James Vincent', 'Richard Clarke Larsen', 'Max Minghella', 'Samara Weaving', 'Jeff Garlin', 'Anthony Burkhalter', 'Terry Walters', 'Trisha Simmons', 'Ariel Flores', 'Karolina Szymczak', ""Sean O'Bryan"", 'David Ury', 'Katia Gomez', 'Vanessa Bednar', 'Carson Higgins', 'Armando Cosio', 'Frederick Koehler', 'Spencer Morgan', 'Ric Sarabia', 'Jim Allen Jackson', 'Katherine Waterston', 'Yissendy Trinidad', 'Cyrus Hobbi', 'Anton Hedayat', 'Hayley Huntley', 'John Mariano', 'Christopher Allen', 'Arely Vianet', 'Jeremy Roberts', 'Alex Reznik', 'Chloe Fineman', 'Pat Skipper', 'John Kerry', 'Sarah Ramos', 'Jennifer Grant', 'Julian Lefevre', 'Taylor Nichols', 'Bryan Scott Johnson', 'Kelly Meyer', 'Brenna Power', 'David Abed', 'Kevin Symons', 'Jonathan Thomson', ""Jim O'Brien"", 'Chris Doubek', 'Todd Giebenhain', 'Mather Zickel', 'Ireland Sexton', 'Andrew Hawtrey', 'Mike Fletcher', 'Jonathan Ohye', 'James Crittenden', 'Pete Ploszek', 'Robert Beitzel', 'Ethan Suplee', 'Walker Hare', 'Douglas Fruchey', 'Taylor Hill', 'Marc Platt', 'Stephen Thomas', 'Sophia Magaña', 'Karen Bethzabe', 'Oscar Balderrama', 'Aurielle Simmons', 'Eamon Hunt', 'Kenajuan Bentley', 'John Macey', 'Marcos A. Ferraez', 'Phoebe Tonkin', 'Troy Metcalf', 'Albert Hammond Jr.', 'Cutty Cuthbert', 'Bregje Heinen', 'Dana Marcolina', 'Tal Seder', 'Robert Morgan', 'Nana Ghana', 'Joe Dallesandro', 'E.E. Bell', 'Sol Landerman', 'Karina Fontes', 'Spike Jonze', 'Freya Parker', 'Tobey Maguire', 'Shane Powers', 'David Lau', 'Noah Reilly', 'Jeremy Lappitt', 'Robert Verdi', 'Kenneth Foerch', 'Sean Franz', 'Jonathan Stehney', 'Andrew Leonard', 'Richard Dobeck', 'Alex Budman', 'Jacob Scesney', 'Frank Fontaine', 'Anibal Seminario', 'Scott Mayo', 'Dan Kaneyuki', 'Alex Sadnik', 'John Mitchell', 'Gerald Dixon', 'Rickey D. Woodard', 'Jonathan James Thompson', 'Francis C. Edemobi', 'Larry O. Williams', 'Aaron Shaw', 'Micah Wright', 'Rayner Fernandez', 'Glen Turner', 'Roy Wiegand', 'Bryce Schmidt', 'Sean Billings', 'Aaron O. Smith', 'Justin Gilmore', 'Johnny Britt', 'Keith Beyer', 'Luis Gonzalez', 'Francisco Torres', 'Gary Hickman', 'Steve Suminski', 'Wendell Kelly', 'Byron Sleugh', 'Ryan Porter', 'Jeffery Miller', 'Mykail McDade', 'William Roper', 'Philip Keen', 'Erm Navarro', 'Alvin Starks', 'Robert Murray', 'John Polite', 'Errol Rhoden III', 'Kyle Richter', 'Sidney Hopson', 'Ronald Bruner', 'Dramane Kone', 'Lyndon Rochelle', 'Joey de Leon', 'Dayramir Gonzàlez', 'Greg Sadler', 'Michael Naishtut', 'Joseph Small', 'Avery Baylin', 'Jalen Harvey', 'Lara Wickes', 'Andrew Lederman', 'Karen Han', 'Justin Smith', 'Mateo Pollock', 'Hamed Santigui Camara', 'Brandon Owens', 'John Fluker', 'Jordan Seigel', 'Ralph Nader', 'Kevin Toney', 'Eric Reed', 'John Proulx', 'Michael Bustamante', 'Darrell Alston', 'Evan Greer', 'Gregory Poree', 'Joshua Alfaro', 'Brent Tyler', 'Ian Wurfl', 'Keelan Tobia', 'Justin Hargrove', 'Greg Webster', 'Luis Vadel', 'Benjamin Jacobson', 'Dean Anderson', 'Joel Pargman', 'Steve Huber', 'Eric Boulanger', 'Fernando Arroyo Lascurain', ""Lora'nd Lokustza"", 'Michael Freed', 'Robert Miskey', 'Robin Olson', 'Aaron Oltman', 'Peter Hatch', 'Phillip Triggs', 'Rodney Wirtz', 'Zach Dellinger', 'Benjamin Hoffman', 'Benjamin Penzner', 'Alex Mansour', 'Evgeny Tonkha', 'Michael Kaufman', 'Steve Velez', 'Raymond Newell', 'Del Atkins', 'Edwin Livingston', 'Miguel Norwood', 'Frank Abraham', 'Richard Simon', 'Marlon Martinez', 'Lewis Tan', 'Manny Liotta', 'Anna Chazelle', 'Mike C. Manning', 'Anna Dahl', 'Jennifer Mariela Bermeo', 'Dorian Martin']",3.82,nan,"['Comedy', 'Drama']",189,['USA'],English,"['English', 'Cantonese', 'Spanish']","['Paramount', 'Marc Platt Productions', 'Material Pictures', 'C2 Motion Picture Group', 'Wild Chickens', 'Organism Pictures']",646995,169066,231273,13000,2974,6386,5304,19453,22914,62699,80131,149697,91087,96782,537427,https://letterboxd.com/film/babylon-2022/
Nest,2022,Hlynur Pálmason,"['Ída Mekkín Hlynsdóttir', 'Grímur Hlynsson', 'Þorgils Hlynsson']",3.89,nan,['Drama'],22,"['Denmark', 'Iceland']",Icelandic,['Icelandic'],"['Snowglobe', 'Join Motion Pictures', 'Det Danske Filminstitut', 'Icelandic Film Centre']",11398,2268,4027,34,8,20,15,102,180,932,1430,2865,793,1037,7382,https://letterboxd.com/film/nest-2022/
Marcel the Shell with Shoes On,2021,Dean Fleischer Camp,"['Jenny Slate', 'Dean Fleischer Camp', 'Isabella Rossellini', 'Joe Gabler', 'Shari Finkelstein', 'Samuel Painter', 'Blake Hottle', 'Scott Osterman', 'Jeremy Evans', 'Lesley Stahl', 'Rosa Salazar', 'Thomas Mann', 'Sarah Thyre', 'Andy Richter', 'Nathan Fielder', 'Jessi Klein', 'Peter Bonerz', 'Jamie Leonhart', 'Avan Jogia', 'Victoria Justice', ""Conan O'Brien"", 'Brian Williams']",4.23,nan,"['Drama', 'Animation', 'Fantasy', 'Comedy', 'Family']",90,['USA'],English,"['English', 'Portuguese', 'Spanish']","['Cinereach', 'Strongman', 'Chiodo Bros. Productions', 'You Want I Should, LLC', 'Human Woman', 'Sunbeam TV & Films']",264986,94886,116112,4800,446,706,563,2292,3185,13654,24923,63498,44030,66489,219786,https://letterboxd.com/film/marcel-the-shell-with-shoes-on-2021/
Beautiful Beings,2022,Guðmundur Arnar Guðmundsson,"['Birgir Dagur Bjarkason', 'Áskell Einar Pálmason', 'Viktor Benóný Benediktsson', 'Snorri Rafn Frímannsson', 'Sunna Líf Arnarsdóttir', 'Kamilla Guðrún Lowen', 'Kristín Ísold Jóhannesdóttir', 'Ísgerður Elfa Gunnarsdóttir', 'Aðalbjörg Emma Hafsteinsdóttir', 'Blær Hinriksson', 'Ólafur Darri Ólafsson', 'Anita Briem', 'Theodór Pálsson', 'Davíð Guðbrandsson', 'Þórhildur Ingunn', 'Sólveig Guðmundsdóttir', 'Árni Arnarson', 'Stefán Franz Guðnason', 'Arnar Dan Kristjánsson', 'Bragi Árnason', 'Sigurður Eyberg', 'Mikael Leo Aclipen', 'Arnfinnur Þór Jónsson', 'Baldur Einarsson', 'Stormur Jón Kormákur Baltasarsson', 'Daniel Hans Erlendsson', 'Jónmundur Grétarsson', 'María Pálsdóttir', 'Ebba Guðný Guðmundsdóttir', 'Helga Kristín Helgadóttir', 'Kári Trevor Park']",3.79,nan,['Drama'],123,"['Czechia', 'Denmark', 'Iceland', 'Netherlands', 'Sweden']",Icelandic,"['Icelandic', 'Spanish']","['Bastide Films', 'HOBAB', 'Join Motion Pictures', 'Motor', 'Negativ', 'Film i Väst']",5098,2185,1479,63,1,13,10,85,149,552,881,1403,516,431,4041,https://letterboxd.com/film/beautiful-beings/
The Blood of the Dinosaurs,2021,Joe Badon,"['Holly Bonney', 'Vincent Stalba', 'Tiffany Christy', 'Stella Creel', 'John Davis', 'Jeff Pearson', 'Christopher Ray', 'Kali Russell', 'Steve Smith']",nan,nan,"['Horror', 'Comedy']",18,['USA'],English,['English'],['Two Headed Venus Production'],187,119,51,1,2,2,2,10,7,30,14,27,3,16,113,https://letterboxd.com/film/the-blood-of-the-dinosaurs/
Deadstream,2022,"Joseph Winter, Vanessa Winter","['Joseph Winter', 'Melanie Stone', 'Jason K. Wixom', 'Pat Barnett Carr', 'Marty Collins', 'Perla Lacayo', 'Cylia Austin-Lacayo', 'Hayden Gariety', 'Ariel Lee', 'Jaxon Harker', 'Jeremy Warner', 'Brenden Bytheway', 'Doug May', 'Tiffany Bori', 'Vanessa Winter']",3.28,nan,"['Comedy', 'Horror']",87,"['USA', 'UK']",English,['English'],"['Winterspectre Entertainment', 'Jared R Cook Productions', 'Stonehaven Entertainment', 'Freeway CAM B.V.']",49566,18150,14018,35,352,668,764,2277,3253,9863,11528,9824,2067,1635,42231,https://letterboxd.com/film/deadstream/
Prehistoric Planet,2022,"Adam Valdez, Andrew R. Jones",['David Attenborough'],4.23,nan,['Documentary'],nan,"['UK', 'USA']",English,['English'],"['BBC Studios Natural History Unit', 'Golem Creations']",8861,1687,3693,46,4,8,11,44,59,320,613,1752,1312,2232,6355,https://letterboxd.com/film/prehistoric-planet/
Bleat,2022,Yorgos Lanthimos,"['Emma Stone', 'Damien Bonnard']",3.57,nan,"['Mystery', 'Drama']",30,['Greece'],No spoken language,['No spoken language'],"['National Ecological Observatory Network', 'Superprime Films']",943,880,324,3,1,4,3,10,16,67,80,182,52,58,473,https://letterboxd.com/film/bleat/
Three Minutes: A Lengthening,2021,Bianca Stigter,"['Helena Bonham Carter', 'Glenn Kurtz', 'Moszek Tuchendler']",3.73,nan,"['Documentary', 'History']",69,"['Netherlands', 'UK']",English,"['English', 'German', 'Polish']","['Family Affair Films', 'Lammas Park']",2640,1570,641,3,2,4,5,41,77,295,455,627,165,157,1828,https://letterboxd.com/film/three-minutes-a-lengthening/
Moonfall,2022,Roland Emmerich,"['Halle Berry', 'Patrick Wilson', 'John Bradley', 'Charlie Plummer', 'Kelly Yu', 'Michael Peña', 'Carolina Bartczak', 'Zayn Maloney', 'Ava Weiss', 'Hazel Nugent', 'Chris Sandiford', 'Jonathan Maxwell Silver', 'Eme Ikwuakor', 'Stephen Bogaert', 'Maxim Roy', 'Ryan Bommarito', 'Kathleen Fee', 'Donald Sutherland', 'Frank Schorpion', 'Sebastian Pigott', 'Jaa Smith-Johnson', 'Adam LeBlanc', 'Frank Fiola', 'Katy Breier', 'Josh Cruddas', 'Kyle Gatehouse', 'Tyrone Benskin', 'Gerardo Lo Dico', 'Michelle Langlois Fequet', 'Tyler Elliot Burke', 'Andreas Apergis', 'André Bédard', 'Zachary Amzallag', 'Michael Piotr Czyz', 'Steven Piovesan', 'Jake Lewis', 'Andrew Christopher Albanese', 'Susan Almgren', 'Massimo Diem', 'Kiril Mitev', 'Krista Marchand', 'Sébastien Cimpaye', 'Delia Lisette Chambers', 'Achilles Montes-Vamvas', 'Harry Strandjofski', 'Randy Thomas', 'Robert Brewster', 'Alex Gravenstein', 'Derek Johns', 'Steven Goss', 'Jane Gilchrist', 'Maia Guest', 'Karl Walcott', 'Frank Marrs', 'Kwasi Songui', 'Anthony Jones Nestoras', 'Azriel Dalman', 'Lori Graham', 'David B. Tyler', 'Christopher de Courcy-Ireland', 'Ian Geldart', 'Nicole Leroux', 'Orla Johannes', 'Layla Tuy-Sok', 'Elisabeth Etienne', 'Christian Jadah', 'Julia Thomas', 'Éric Poirier', 'Martin Doepner', 'Paul Zinno', 'Tamara Brown', 'Rea Nolan']",1.92,nan,"['Science Fiction', 'Adventure', 'Action']",131,"['Hong Kong', 'UK', 'USA']",English,"['English', 'Chinese', 'French']","['Centropolis Entertainment', 'Street Entertainment', 'Lionsgate', 'AGC Studios', 'Huayi Tencent Entertainment Company', 'Huayi Brothers International']",124309,26497,13399,84,8568,16355,14983,21724,13521,13340,5256,3817,699,2135,100398,https://letterboxd.com/film/moonfall/
Play It Safe,2021,Mitch Kalisa,"['Jonathan Ajayi', 'Kate Ovenden', 'Louis Richards', 'Heather Alexander', ""Charlie O'Connor"", 'Kat Ronson', 'Emily Seale-Jones']",3.9,nan,['Drama'],13,['UK'],English,['English'],['COMPULSORY'],3159,790,842,1,5,6,3,27,48,180,329,742,272,268,1880,https://letterboxd.com/film/play-it-safe-2021/
Hit the Road,2021,Panah Panahi,"[""Hasan Ma'juni"", 'Pantea Panahiha', 'Rayan Sarlak', 'Amin Simiar']",3.9,nan,"['Comedy', 'Drama']",94,['Iran'],Persian (Farsi),"['Persian (Farsi)', 'English']",['JP Production'],25695,10664,8607,241,48,97,118,400,660,2280,3914,7203,3037,2412,20169,https://letterboxd.com/film/hit-the-road-2021/
Memoria,2021,Apichatpong Weerasethakul,"['Tilda Swinton', 'Agnes Brekke', 'Daniel Giménez Cacho', 'Jerónimo Barón', 'Juan Pablo Urrego', 'Jeanne Balibar', 'Aída Morales', 'Constanza Guitérrez', 'Elkin Díaz', 'Daniel Toro']",3.77,nan,"['Science Fiction', 'Drama', 'Mystery']",136,"['China', 'Colombia', 'France', 'Germany', 'Mexico', 'Switzerland', 'Thailand', 'UK', 'USA']",Spanish,"['Spanish', 'English']","['Anna Sanders Films', 'Burning Blue', 'Illuminations Films', 'Kick the Machine', 'Piano', 'The Match Factory', 'ZDF/Arte', 'Xstream Pictures', 'Sovereign Films', 'Rediance', 'Louverture Films', 'Labo', 'Bord Cadre Films', 'Beijing Contemporary Art Foundation', '185 Films']",69977,30442,21624,746,512,1033,791,2459,2653,6365,7463,13453,7426,7198,49353,https://letterboxd.com/film/memoria-2011/
The Painter and the Thief,2020,Benjamin Ree,"['Barbora Kysilkova', 'Karl-Bertil Nordland', 'Øystein Stene', 'Linda Ville Marie Ruud', 'Bjørn Inge Nordland']",3.83,nan,['Documentary'],102,"['Norway', 'USA']",Norwegian,"['Norwegian', 'English']","['Medieoperatørene', 'VGTV', 'Dogwoof', 'Tremolo Productions']",12532,5014,3475,23,11,20,36,145,271,1253,2047,3370,1229,940,9322,https://letterboxd.com/film/the-painter-and-the-thief-2020/
The Rescue,2021,"Elizabeth Chai Vasarhelyi, Jimmy Chin","['Jim Warny', 'Thanet Natisri', 'John Volanthen', 'Derek Anderson', 'Rick Stanton', 'Mikko Paasi', 'Richard Harris', 'Josh Morris', 'Mitch Torrel', 'Craig Challen', 'Ruengrit Changkwanyuen', 'Josh Bratchley', 'Jason Mallinson', 'Connor Roe', 'Fiona Harris', 'Ben Svasti Thomson', 'Chris Jewell', 'Felix Rosen', 'Saman Gunan', 'Vern Unsworth', 'Rob Harper', 'Bhak Loharjun', 'Surathin Chaichoomphu', 'Natnadai Bradwell', 'Singhanat Losuya', 'Waleeporn Gunan', 'Bobby Trarewaxe', 'Somsak Kanakam', 'Tiger Hirankrit', 'Woranan Ratrawiphukkun', 'Anan Surawan', 'Ben Reymenants', 'Nat Lawson', 'Apakorn Youkongkaew', 'Weerasak Kowsurat', 'Anupong Paochinda', 'Bancha Duriyapunt', 'Siriporn Bangnoen']",4.07,nan,"['Documentary', 'Drama']",107,"['Thailand', 'UK', 'USA']",English,"['English', 'German', 'Thai']","['Cavalry Media', 'Little Monster Films', 'National Geographic', 'Ventureland', 'Storyteller Productions', 'Passion Pictures', 'Michael De Luca Productions', 'National Geographic Documentary Films']",43489,11068,11916,29,7,23,30,129,316,2097,5537,15647,5816,4353,33955,https://letterboxd.com/film/the-rescue-2021/
The Truffle Hunters,2020,"Michael Dweck, Gregory Kershaw","['Carlo Gonella', 'Sergio Cauda', 'Aurelio Conterno', 'Angelo Gagliardi', 'Maria Cicciù', 'Gianfranco Curti', 'Paolo Stacchini', 'Piero Botto', 'Egidio Gagliardi', 'Fiona, the dog']",3.81,nan,['Documentary'],84,"['USA', 'Greece', 'Italy']",Italian,"['Italian', 'English', 'French']","['Faliro House Productions', 'Frenesy Film', 'Park Pictures Features', 'Bow + Arrow Entertainment', 'Artemis Rising', 'Tandem']",10304,3795,3008,60,5,11,19,126,223,1055,1843,2715,842,890,7729,https://letterboxd.com/film/the-truffle-hunters/
Digital Video Editing with Adobe Premiere Pro: The Real-World Guide to Set Up and Workflow,2020,Hong Seong-yoon,"['Park Soo-yeon', 'Cha Seo-won', 'Seo Hyun-woo', 'Moon Hye-in']",3.62,nan,"['Comedy', 'Romance', 'Horror']",40,['South Korea'],Korean,['Korean'],"['Korean Film Council', 'Central Park Films']",1218,637,454,1,3,6,2,27,20,114,232,261,80,51,796,https://letterboxd.com/film/digital-video-editing-with-adobe-premiere-pro-the-real-world-guide-to-set-up-and-workflow/
Beginning,2020,Dea Kulumbegashvili,"['Ia Sukhitashvili', 'Rati Oneli', 'Kakha Kintsurashvili', 'Saba Gogichaishvil', 'Giorgi Tsereteli', 'Ia Kokiashvili', 'Mari Kopchenovi']",3.55,nan,['Drama'],126,['Georgia'],Georgian,"['Georgian', 'English']","['First Picture', 'Georgian National Film Centre', 'Zadig Films', 'OFA']",8704,4558,1899,27,53,113,133,373,448,1128,1323,1629,554,410,6164,https://letterboxd.com/film/beginning-2020/
The Outlaw Johnny Black,2023,Michael Jai White,"['Michael Jai White', 'Anika Noni Rose', 'Erica Ash', 'Byron Minns', 'Kevin Chapman', 'Kym Whitley', 'Tommy Davidson', 'Buddy Lewis', 'Glynn Turman', 'Chris Browning', 'Barry Bostwick', 'Gary Anthony Williams', 'Tony Baker', 'Tyler Bryan', 'Paul Logan']",2.89,nan,"['Western', 'Comedy', 'Action']",137,['USA'],English,['English'],['Jaigantic Studios'],2169,1151,507,1,30,70,113,258,313,439,302,176,36,33,1770,https://letterboxd.com/film/the-outlaw-johnny-black/
Lamb,2021,Valdimar Jóhannsson,"['Noomi Rapace', 'Hilmir Snær Guðnason', 'Björn Hlynur Haraldsson', 'Ingvar E. Sigurðsson', 'Ester Bibi', 'Sigurður Elvar Viðarson', 'Theodór Ingi Ólafsson', 'Arnþruður Dögg Sigurðardóttir', 'Gunnar Þor Karlsson', 'Lára Björk Hall']",3.13,nan,"['Drama', 'Fantasy', 'Horror']",106,"['Iceland', 'Poland', 'Sweden']",Icelandic,['Icelandic'],"['Black Spark Film & TV', 'Film i Väst', 'Go to Sheep', 'Madants', 'Rabbit Hole Productions', 'Chimney Poland', 'Chimney Sweden']",183935,49172,36807,266,1413,3378,3703,13230,16799,40394,31457,24706,4674,4866,144620,https://letterboxd.com/film/lamb-2021/
Annette,2021,Leos Carax,"['Adam Driver', 'Marion Cotillard', 'Simon Helberg', 'Devyn McDowell', 'Angèle', 'Natalia Lafourcade', 'Sinay Bavurhe', 'Franziska Grohmann', 'Rachel Mulowayi', 'Christiane Tchouhan', 'Iman Europe', 'Lauren Evans', 'Cindy Almouzni', 'Danielle Withers', 'Julia Bullock', 'Claron McFadden', 'Natalie Mendoza', 'Kiko Mizuhara', 'Noémie Schellens', 'Kanji Furutachi', 'Rila Fukushima', 'Laura Jansen', 'Eva van der Gucht', 'Bettina Meske', 'David E. Moore', 'John Paval', 'Lemuel Pitts', 'Colin Lainchbury-Brown', 'Wim Opbrouck', 'Kait Tenison', 'Rebecca Sjowall', 'Geoffrey Carey', 'Alberto Chromatico', 'Okon Ubanga Jones', 'Gabriela Leguizamo', 'Kamary Phillips', 'Aydogan Abay', 'Arvid Assarsson', 'Jeffrey Dowd', 'Rebecca Dyson-Smith', 'Graciela Maria', 'Clément Ducol', 'Richard McCowen', 'Michael Moore', 'Beatrice Reece', 'Eugene Stovall', 'Sarah Tsehaye', 'Fiora Cutler', 'Ron Mael', 'Russell Mael', 'Marina Bohlen', 'Elke Shari Van Den Broeck', 'Arina Yalaletdinova', 'Ella Leyers', 'Philippe Beyls', 'Amos Kaden Chea', 'Apollo Colligan', 'Sonny Dunlap', 'Yossi Guetta', 'James Larson', 'Adrian Tupas', 'Nastya Golubeva Carax', 'Ai Nishina', 'Ayano', 'Alex Casnoff', 'Patrick Kelly', 'Stevie Nistor', 'Eli Pearl', 'Evan Weiss', 'Ryan Parrish', 'Joe Berry', 'Emmi Joutsi', 'Leos Carax', 'Tyler Matteo', 'Kevin van Doorslaer', 'Verona Verbakel', 'Dominique Dauwe']",3.37,nan,"['Romance', 'Drama']",140,"['Belgium', 'France', 'Germany', 'Greece', 'Japan', 'Mexico', 'Switzerland']",English,"['English', 'French']","['Eurospace', 'Detailfilm', 'ARTE France Cinéma', 'CG Cinéma', 'Garidi Films', 'Théo Films', 'Tribus P Films', 'UGC', 'SCOPE Pictures', 'Wrong Men', 'Piano']",127616,42592,31142,637,1564,3082,2571,7461,7798,16392,17799,22157,8841,7722,95387,https://letterboxd.com/film/annette/
Mangrove,2020,Steve McQueen,"['Letitia Wright', 'Shaun Parkes', 'Malachi Kirby', 'Rochenda Sandall', 'Jack Lowden', 'Jodhi May', 'Alex Jennings', 'Thomas Coombes', 'Richard Cordery', 'Gershwyn Eustache Jnr', 'Karl Farrer', 'Joakim Skarli', 'Joe Tucker', 'Rachel Sophia-Anthony', 'Guy Samuels', 'Charlotte Nash', 'Joshua Viner', 'Sam Spruell', 'Nathaniel Martello-White', 'Jumayn Hunter', 'Gary Beadle', 'Richie Campbell']",4.08,nan,['Drama'],127,['UK'],English,['English'],"['Turbine Studios', 'BBC', 'Lammas Park', 'EMU Films']",36019,15119,11456,11,17,56,42,173,377,1671,3847,12393,6159,2669,27404,https://letterboxd.com/film/mangrove-2020/
Last Night in Soho,2021,Edgar Wright,"['Thomasin McKenzie', 'Anya Taylor-Joy', 'Matt Smith', 'Rita Tushingham', 'Michael Ajao', 'Synnøve Karlsen', 'Pauline McLynn', 'Terence Stamp', 'Diana Rigg', 'Aimée Cassettari', 'Colin Mace', 'Jessie Mei Li', 'Kassius Nelson', 'Rebecca Harrod', 'Alan Mahon', 'Connor Calland', 'Josh Zaré', 'Jacqui-Lee Pryce', 'Elizabeth Berrington', 'James Phelps', 'Oliver Phelps', 'Beth Singh', 'Paul Brightwell', 'Will Rogers', 'Terence Frisch', 'Celeste Dring', 'Jeanie Wishes', 'Andrew Bicknell', 'Adam Sopp', 'Richard Corgan', 'Michael Mears', 'Tom Hartwell', 'Paul Hamilton', 'Wayne Cater', 'Sam Claflin', 'Sam Parks', 'Alan Ruscoe', 'Margaret Nolan', 'Christopher Carrico', 'Kent Goldfinch', 'Ian Harrod', 'Ian Hartley', 'Daniel Maggott', ""Richard O'Sullivan"", 'Michael Jibson', 'Lisa McGrillis', 'Derek Lea', 'Lati Gbaja', 'Paul Riddell', 'Katrina Vasilieva', 'Al Roberts']",3.4,nan,"['Thriller', 'Mystery', 'Horror']",116,"['China', 'UK', 'USA']",English,['English'],"['Focus Features', 'Film4 Productions', 'Perfect World Pictures', 'Working Title Films', 'Complete Fiction', 'Universal Pictures']",746022,149300,211025,5000,2520,7980,9802,37471,49401,118220,125448,143556,43954,52625,590977,https://letterboxd.com/film/last-night-in-soho/
The Marriage Escape,2020,Johan Nijenhuis,"['Herman Finkers', 'Johanna ter Steege', 'Leonie ter Braak', 'Ferdi Stofmeel', 'Stef Assen', 'Aniek Stokkers', 'Daphne Bunskoek', 'Belinda van der Stoep', 'Ingeborg Uyt den Boogaard']",3.45,nan,"['Drama', 'Comedy']",103,['Netherlands'],Dutch,['Dutch'],"['Johan Nijenhuis & Co', 'Omroep MAX']",1440,223,217,2,2,12,8,49,67,227,302,293,54,48,1062,https://letterboxd.com/film/the-marriage-escape/
Possessor,2020,Brandon Cronenberg,"['Andrea Riseborough', 'Christopher Abbott', 'Jennifer Jason Leigh', 'Sean Bean', 'Tuppence Middleton', 'Rossif Sutherland', 'Kaniehtiio Horn', 'Raoul Bhaneja', 'Gage Graham-Arbuthnot', 'Gabrielle Graham', 'Christopher Jacot', 'Hanneke Talbot', 'Deragh Campbell', 'Ayesha Mansur Gonsalves', 'Matthew Garlick', 'Daniel Junghuan Park', 'Hrant Alianak', 'Rachael Crawford', 'Kathy Maloney', 'Megan Vincent', 'Danny Waugh', 'Dorren Lee', 'Doug MacLeod']",3.6,nan,"['Science Fiction', 'Thriller', 'Horror']",104,"['Australia', 'Canada', 'UK', 'USA']",English,['English'],"['Rhombus Media', 'Rook Films', 'Particular Crowd', 'Téléfilm Canada', 'Arclight Films', 'Ingenious Media', 'Ontario Creates', 'Crave']",174988,61316,50009,605,501,1163,1264,5034,7773,23742,32880,43973,13286,8498,138114,https://letterboxd.com/film/possessor/
Kajillionaire,2020,Miranda July,"['Evan Rachel Wood', 'Debra Winger', 'Gina Rodriguez', 'Richard Jenkins', 'Patricia Belcher', 'Kim Estes', ""Da'Vine Joy Randolph"", 'Rachel Redleaf', 'Randy Ryan', 'Mark Ivanir', 'Blanca Araceli', 'Diana Maria Riva', 'Betsy Baker', 'Michelle Gillette', 'Susan James Berger', 'Adam Bartley', 'Michael Twaine', 'Andrew Hawkes', 'David Ury', 'Matthew Downs', 'Samantha Cardona', 'Zachary Barton', 'Jeffrey Nicholas Brown', 'Tabitha Brownstone', 'Ian Casselberry', 'Nikki Castillo', 'Challen Cates', 'Jason Catron', 'Madeleine Coghlan', 'Micah Cohen', 'Matthew Foster', 'Ben Konigsberg', 'Ethan Josh Lee', 'Rebecca Lee Robertson', 'Zena Leigh Logan', 'Brandon Morales', 'Steve Park', 'Wylie Small', 'Trent Walker']",3.68,nan,"['Crime', 'Drama', 'Comedy']",105,['USA'],English,['English'],['Plan B Entertainment'],109341,36265,34471,1300,389,929,959,3285,4525,12660,17722,24101,9394,9260,83224,https://letterboxd.com/film/kajillionaire/
Little Fish,2020,Chad Hartigan,"['Olivia Cooke', ""Jack O'Connell"", 'SoKo', 'Raúl Castillo', 'David Lennon', 'Mackenzie Cardwell', 'Ross Wirtanen', 'Heather Decksheimer', 'Natalie Smith', 'Ron Robinson', 'Wyatt Cameron', 'Morgana Wyllie', 'Monique Phillips', 'Paul Almeida', 'Toby Hargrave', 'Albert Nicholas', 'Chris Shields', 'Darius Willis', 'Emily Stott', 'Jeff Sanca', 'Jason Simpson', 'Naomi King', 'Sam Spear', 'Malaika Jackson', 'Maxwell Moore', 'Leanne Khol Young', 'Malcolm Boddington', 'Carmen Moore', 'Jason Vaisvila', 'Barbara Patrick', 'Sophie Lui', 'Simon Longmore', 'Joleigh Schultz', 'Peter Ciuffa', 'Bruce Crawford', 'Kwesi Ameyaw', 'Lars Anderson', 'Bobby Stewart', 'Henry Mah', 'Thomas Flynn', 'Katerina Katelieva', 'Anthony Shim', 'Angela Moore']",3.94,nan,"['Science Fiction', 'Drama', 'Romance']",101,"['Canada', 'USA']",English,['English'],"['Automatik Entertainment', 'Oddfellows Entertainment']",33752,13410,14469,1200,26,85,102,438,779,2848,4986,9042,4437,5198,27941,https://letterboxd.com/film/little-fish-2020/
Nosferatu,2024,Robert Eggers,"['Bill Skarsgård', 'Lily-Rose Depp', 'Nicholas Hoult', 'Aaron Taylor-Johnson', 'Emma Corrin', 'Willem Dafoe', 'Simon McBurney', 'Ralph Ineson', 'Paul Maynard', 'Stacy Thunes']",nan,nan,"['Drama', 'Fantasy', 'Horror']",nan,"['Czechia', 'USA']",English,"['English', 'German', 'Romanian', 'Russian']","['Studio 8', 'Focus Features', 'Stillking Films', 'Maiden Voyage Pictures']",2647,15513,782,0,,,,,,,,,,,0,https://letterboxd.com/film/nosferatu-2024/
Pieces of a Woman,2020,Kornél Mundruczó,"['Vanessa Kirby', 'Shia LaBeouf', 'Ellen Burstyn', 'Sarah Snook', 'Iliza Shlesinger', 'Benny Safdie', 'Molly Parker', 'Steven McCarthy', 'Tyrone Benskin', 'Frank Schorpion', 'Harry Strandjofski', 'Domenic Di Rosa', 'Jimmie Fails', 'Juliette Casagrande', 'Gayle Garfinkle', 'Vanessa Smythe', 'Nick Walker', 'Sean Tucker', 'Alain Dahan', 'Joelle Jérémie', 'Leisa Reid']",3.49,nan,['Drama'],127,"['Canada', 'Hungary', 'USA']",English,['English'],"['Bron Studios', 'Little Lamb Productions', 'Proton Cinema']",158896,31916,32102,135,286,906,989,5014,7829,26098,31201,32398,7467,6445,118633,https://letterboxd.com/film/pieces-of-a-woman/
I'm Thinking of Ending Things,2020,Charlie Kaufman,"['Jesse Plemons', 'Jessie Buckley', 'Toni Collette', 'David Thewlis', 'Guy Boyd', 'Hadley Robinson', 'Gus Birney', 'Abby Quinn', 'Colby Minifie', 'Anthony Grasso', 'Teddy Coluca', 'Jason Ralph', 'Oliver Platt', 'Frederick E. Wodlin', 'Ryan Steele', 'Unity Phelan', 'Norman Aaronson', 'Ashlyn Alessi', 'Monica Ayres', 'Julie Chateauvert', 'Ira Temchin', 'Albert Skowronski', 'Kamran Saliani', 'Dannielle Rose', 'Thomas Hatz', 'Brooke Elardo']",3.48,nan,"['Mystery', 'Drama', 'Thriller']",135,['USA'],English,['English'],"['Likely Story', 'Projective Testing Service']",524303,103218,137044,4700,6707,12226,7944,26591,24464,59756,60022,92994,43271,38194,372169,https://letterboxd.com/film/im-thinking-of-ending-things/
Big Shark,2023,Tommy Wiseau,"['Tommy Wiseau', 'Isaiah LaBorde', 'Mark Valeriano', 'Wayne Douglas Morgan', 'Raul Phoenix', 'Erica Mary Gillheeney', 'Ashton Leigh', 'Joseph Poliquin', 'Jeff Pearson', 'Kaleb Naquin', 'Amber Nicole Dalton', 'Billie Dalton', 'Elaina Guidry', 'Thomas Johnston']",3.14,nan,"['Comedy', 'Horror']",105,['USA'],English,['English'],"['ALLaBorde Films', 'Wiseau-Films']",1695,1042,664,8,147,157,56,70,53,84,50,97,40,399,1153,https://letterboxd.com/film/big-shark/
